{
    "$schema": "https://schema.management.azure.com/schemas/2015-01-01/deploymentParameters.json#",
    "contentVersion": "1.0.0.0",
    "parameters": {
        "namespaces_ThinkCXEventHub_name": {
            "value": null
        },
        "alertrules_Failure_Anomalies___ThinkCXApplicationInsights_name": {
            "value": null
        },
        "components_ThinkCXApplicationInsights_name": {
            "value": null
        },
        "workflows_thinkcxftplogicapp_name": {
            "value": null
        },
        "commitmentPlans_thinkcxMLPlan_name": {
            "value": null
        },
        "Workspaces_thinkcxML_name": {
            "value": null
        },
        "workspaceCollections_thinkcxcollection_name": {
            "value": null
        },
        "servers_sqluserdataserver_name": {
            "value": null
        },
        "servers_thinkcxsqldw_name": {
            "value": null
        },
        "storageAccounts_function814035d78b53_name": {
            "value": null
        },
        "storageAccounts_thinkcxftpadminstorage_name": {
            "value": null
        },
        "storageAccounts_thinkcxftpdatastorage_name": {
            "value": null
        },
        "storageAccounts_thinkcxmlstorage_name": {
            "value": null
        },
        "serverfarms_EastUSPlan_name": {
            "value": null
        },
        "serverfarms_FTPStandard_name": {
            "value": null
        },
        "sites_ThinkCXHttpFunction_name": {
            "value": null
        },
        "sites_thinkcxftpjob_name": {
            "value": null
        },
        "sites_thinkcxinvokepolybasefunc_name": {
            "value": null
        },
        "AuthorizationRules_RootManageSharedAccessKey_name": {
            "value": null
        },
        "databases_master_name": {
            "value": null
        },
        "databases_sqlUserData_name": {
            "value": null
        },
        "firewallRules_AllowAllWindowsAzureIps_name": {
            "value": null
        },
        "firewallRules_ClientIPAddress_2017_2_5_11_9_28_name": {
            "value": null
        },
        "databases_master_name_1": {
            "value": null
        },
        "databases_thinkcxdata_name": {
            "value": null
        },
        "firewallRules_AllowAllWindowsAzureIps_name_1": {
            "value": null
        },
        "firewallRules_ClientIPAddress_2017_2_4_11_10_7_name": {
            "value": null
        },
        "firewallRules_ClientIPAddress_2017_2_4_14_48_56_name": {
            "value": null
        },
        "firewallRules_ClientIPAddress_2017_2_4_16_48_22_name": {
            "value": null
        },
        "firewallRules_ClientIPAddress_2017_2_5_10_18_59_name": {
            "value": null
        },
        "firewallRules_ClientIPAddress_2017_2_5_11_4_58_name": {
            "value": null
        },
        "workflows_thinkcxftplogicapp_connectionId": {
            "value": null
        },
        "workflows_thinkcxftplogicapp_connectionId_1": {
            "value": null
        }
    }
}